{
    "cells_procesed_per_micro_sec": 200.523016,
    "cycles": 12008705924,
    "insn_per_cycle": 4.4,
    "branches": 4233911794,
    "branch_misses": 101079808,
    "time_elapsed": 3.339432926,
    "user_time": 3.331194,
    "sys_time": 0.007988,
    "data_name": "./data/2005_26",
    "simulations": 65536
}